SalesPerson,(No column name),CustomerID,firstName,LastName
adventure-works\david8,1,182,Stanley,Alan
adventure-works\david8,2,29550,Stanley,Alan
adventure-works\david8,3,29502,Paul,Alcorn
adventure-works\david8,4,560,Paul,Alcorn
adventure-works\david8,5,434,James,Bailey
adventure-works\david8,6,29532,James,Bailey
adventure-works\david8,7,416,Angela,Barbariol
adventure-works\david8,8,254,Robert,Bernacchi
adventure-works\david8,9,29559,Robert,Bernacchi
adventure-works\david8,10,29580,Richard,Bready
adventure-works\david8,11,146,Richard,Bready
adventure-works\david8,12,74,Christopher,Bright
adventure-works\david8,13,29585,Christopher,Bright
adventure-works\david8,14,29599,Shirley,Bruner
adventure-works\david8,15,398,Shirley,Bruner
adventure-works\david8,16,344,Karren,Burkhardt
adventure-works\david8,17,29606,Karren,Burkhardt
adventure-works\david8,18,29622,Henry,Campen
adventure-works\david8,19,272,Henry,Campen
adventure-works\david8,20,92,Jovita,Carmody
adventure-works\david8,21,29632,Jovita,Carmody
adventure-works\david8,22,29643,Matthew,Cavallari
adventure-works\david8,23,605,Matthew,Cavallari
adventure-works\david8,24,380,Eva,Corets
adventure-works\david8,25,29683,Eva,Corets
adventure-works\david8,26,362,Sharon,Crow
adventure-works\david8,27,290,Scott,Culp
adventure-works\david8,28,29689,Scott,Culp
adventure-works\david8,29,29695,Megan,Davis
adventure-works\david8,30,308,Megan,Davis
adventure-works\david8,31,164,Cindy,Dodd
adventure-works\david8,32,29717,Cindy,Dodd
adventure-works\david8,33,29719,Patricia,Doyle
adventure-works\david8,34,669,Patricia,Doyle
adventure-works\david8,35,693,Bart,Duncan
adventure-works\david8,36,29727,Bart,Duncan
adventure-works\david8,37,29747,Carolyn,Farino
adventure-works\david8,38,578,Carolyn,Farino
adventure-works\david8,39,506,François,Ferrier
adventure-works\david8,40,29497,François,Ferrier
adventure-works\david8,41,596,Kathie,Flood
adventure-works\david8,42,29753,Kathie,Flood
adventure-works\david8,43,29787,Scott,Gode
adventure-works\david8,44,326,Scott,Gode
adventure-works\david8,45,56,Brian,Groth
adventure-works\david8,46,29800,Brian,Groth
adventure-works\david8,47,29806,Betty,Haines
adventure-works\david8,48,38,Betty,Haines
adventure-works\david8,49,20,Jean,Handley
adventure-works\david8,50,29810,Jean,Handley
adventure-works\david8,51,29816,Keith,Harris
adventure-works\david8,52,2,Keith,Harris
adventure-works\david8,53,645,Ronald,Heymsfield
adventure-works\david8,54,29835,Ronald,Heymsfield
adventure-works\david8,55,29843,Matthew,Hink
adventure-works\david8,56,621,Matthew,Hink
adventure-works\david8,57,218,David,Johnson
adventure-works\david8,58,29885,David,Johnson
adventure-works\david8,59,29890,Peggy,Justice
adventure-works\david8,60,200,Peggy,Justice
adventure-works\david8,61,542,Andrew,Kobylinski
adventure-works\david8,62,29915,Andrew,Kobylinski
adventure-works\david8,63,29997,Lola,McCarthy
adventure-works\david8,64,236,Lola,McCarthy
adventure-works\david8,65,488,Margaret,Smith
adventure-works\david8,66,29490,Margaret,Smith
adventure-works\david8,67,128,Judy,Thames
adventure-works\david8,68,30064,Judy,Thames
adventure-works\david8,69,30070,Kendra,Thompson
adventure-works\david8,70,110,Kendra,Thompson
adventure-works\david8,71,470,Delia,Toone
adventure-works\david8,72,30080,Delia,Toone
adventure-works\david8,73,452,Olga,Trau
adventure-works\garrett1,1,570,Gregory,Alderson
adventure-works\garrett1,2,29503,Gregory,Alderson
adventure-works\garrett1,3,29515,Maxwell,Amland
adventure-works\garrett1,4,354,Maxwell,Amland
adventure-works\garrett1,5,210,Josh,Barnhill
adventure-works\garrett1,6,29539,Josh,Barnhill
adventure-works\garrett1,7,29544,Shaun,Beasley
adventure-works\garrett1,8,444,Shaun,Beasley
adventure-works\garrett1,9,29548,Ann,Beebe
adventure-works\garrett1,10,318,Ann,Beebe
adventure-works\garrett1,11,408,Alexander,Berger
adventure-works\garrett1,12,29557,Alexander,Berger
adventure-works\garrett1,13,29530,Daniel,Blanco
adventure-works\garrett1,14,300,Daniel,Blanco
adventure-works\garrett1,15,174,Michael,Bohling
adventure-works\garrett1,16,156,Lester,Bowman
adventure-works\garrett1,17,29577,Lester,Bowman
adventure-works\garrett1,18,29601,Dirk,Bruno
adventure-works\garrett1,19,426,Dirk,Bruno
adventure-works\garrett1,20,29627,Johnny,Caprio
adventure-works\garrett1,21,12,Johnny,Caprio
adventure-works\garrett1,22,29649,Pat,Chambers
adventure-works\garrett1,23,588,Pat,Chambers
adventure-works\garrett1,24,192,Hao,Chen
adventure-works\garrett1,25,138,Jane,Clayton
adventure-works\garrett1,26,29666,Jane,Clayton
adventure-works\garrett1,27,120,Pat,Coleman
adventure-works\garrett1,28,29671,Pat,Coleman
adventure-works\garrett1,29,29699,Alexander,Deborde
adventure-works\garrett1,30,66,Alexander,Deborde
adventure-works\garrett1,31,84,Della,Demott Jr
adventure-works\garrett1,32,29705,Della,Demott Jr
adventure-works\garrett1,33,29755,Kelly,Focht
adventure-works\garrett1,34,498,Kelly,Focht
adventure-works\garrett1,35,480,Susan,French
adventure-works\garrett1,36,29761,Susan,French
adventure-works\garrett1,37,29766,Bob,Gage
adventure-works\garrett1,38,462,Bob,Gage
adventure-works\garrett1,39,336,Brian,Goldstein
adventure-works\garrett1,40,29789,Brian,Goldstein
adventure-works\garrett1,41,29822,James,Haugh
adventure-works\garrett1,42,685,James,Haugh
adventure-works\garrett1,43,679,Brenda,Heaney
adventure-works\garrett1,44,29824,Brenda,Heaney
adventure-works\garrett1,45,29830,Kari,Hensien
adventure-works\garrett1,46,661,Kari,Hensien
adventure-works\garrett1,47,655,Irene,Hernandez
adventure-works\garrett1,48,29831,Irene,Hernandez
adventure-works\garrett1,49,29881,Danielle,Johnson
adventure-works\garrett1,50,228,Danielle,Johnson
adventure-works\garrett1,51,552,Tim,Kim
adventure-works\garrett1,52,29911,Tim,Kim
adventure-works\garrett1,53,29946,Linda,Leste
adventure-works\garrett1,54,102,Linda,Leste
adventure-works\garrett1,55,30,Todd,Logan
adventure-works\garrett1,56,29959,Todd,Logan
adventure-works\garrett1,57,29964,Anita,Lucerne
adventure-works\garrett1,58,48,Anita,Lucerne
adventure-works\garrett1,59,631,Robert,Lyeba
adventure-works\garrett1,60,29969,Robert,Lyeba
adventure-works\garrett1,61,29971,Robert,Lyon
adventure-works\garrett1,62,637,Robert,Lyon
adventure-works\garrett1,63,534,Stephen,Mew
adventure-works\garrett1,64,30010,Stephen,Mew
adventure-works\garrett1,65,30016,Thomas,Michaels
adventure-works\garrett1,66,516,Thomas,Michaels
adventure-works\garrett1,67,613,Jim,Stewart
adventure-works\garrett1,68,30037,Jim,Stewart
adventure-works\garrett1,69,30053,Katherine,Swan
adventure-works\garrett1,70,372,Katherine,Swan
adventure-works\garrett1,71,390,Mike,Taylor
adventure-works\garrett1,72,30058,Mike,Taylor
adventure-works\garrett1,73,30087,Billy,Trent
adventure-works\garrett1,74,282,Billy,Trent
adventure-works\garrett1,75,264,Phyllis,Tuffield
adventure-works\garrett1,76,30093,Phyllis,Tuffield
adventure-works\garrett1,77,30098,Esther,Valle
adventure-works\garrett1,78,246,Esther,Valle
adventure-works\jae0,1,16,Christopher,Beck
adventure-works\jae0,2,29546,Christopher,Beck
adventure-works\jae0,3,29587,John,Brooks
adventure-works\jae0,4,538,John,Brooks
adventure-works\jae0,5,29612,Richard,Byham
adventure-works\jae0,6,268,Richard,Byham
adventure-works\jae0,7,29615,Mari,Caldwell
adventure-works\jae0,8,520,Mari,Caldwell
adventure-works\jae0,9,430,Gustavo,Camargo
adventure-works\jae0,10,29618,Gustavo,Camargo
adventure-works\jae0,11,29644,Brigid,Cavendish
adventure-works\jae0,12,160,Brigid,Cavendish
adventure-works\jae0,13,178,Dick,Dievendorff
adventure-works\jae0,14,29713,Dick,Dievendorff
adventure-works\jae0,15,29736,Terry,Eminhizer
adventure-works\jae0,16,448,Terry,Eminhizer
adventure-works\jae0,17,466,Janeth,Esteves
adventure-works\jae0,18,29741,Janeth,Esteves
adventure-works\jae0,19,29776,Barbara,German
adventure-works\jae0,20,34,Barbara,German
adventure-works\jae0,21,286,Leo,Giakoumakis
adventure-works\jae0,22,29778,Leo,Giakoumakis
adventure-works\jae0,23,29796,Jon,Grande
adventure-works\jae0,24,142,Jon,Grande
adventure-works\jae0,25,412,Jean,Holloway
adventure-works\jae0,26,29851,Jean,Holloway
adventure-works\jae0,27,29857,Janice,Hows
adventure-works\jae0,28,574,Janice,Hows
adventure-works\jae0,29,617,Arlene,Huff
adventure-works\jae0,30,29860,Arlene,Huff
adventure-works\jae0,31,29868,Denean,Ison
adventure-works\jae0,32,250,Denean,Ison
adventure-works\jae0,33,232,David,Jaffe
adventure-works\jae0,34,29874,David,Jaffe
adventure-works\jae0,35,394,Bonnie,Kearney
adventure-works\jae0,36,376,Mary,Kesslep
adventure-works\jae0,37,29904,Mary,Kesslep
adventure-works\jae0,38,29908,Joe,Kim
adventure-works\jae0,39,358,Joe,Kim
adventure-works\jae0,40,88,Pamala,Kotc
adventure-works\jae0,41,29922,Pamala,Kotc
adventure-works\jae0,42,29926,Deepak,Kumar
adventure-works\jae0,43,70,Deepak,Kumar
adventure-works\jae0,44,52,Rebecca,Laszlo
adventure-works\jae0,45,29932,Rebecca,Laszlo
adventure-works\jae0,46,29941,Jolie,Lenehan
adventure-works\jae0,47,196,Jolie,Lenehan
adventure-works\jae0,48,124,Yuhong,Li
adventure-works\jae0,49,29952,Yuhong,Li
adventure-works\jae0,50,29978,Ajay,Manchepalli
adventure-works\jae0,51,659,Ajay,Manchepalli
adventure-works\jae0,52,665,Tomas,Manzanares
adventure-works\jae0,53,29980,Tomas,Manzanares
adventure-works\jae0,54,29985,Linda,Martin
adventure-works\jae0,55,683,Linda,Martin
adventure-works\jae0,56,689,Sandra,Martinez
adventure-works\jae0,57,214,Jennifer,Maxham
adventure-works\jae0,58,29990,Jennifer,Maxham
adventure-works\jae0,59,30005,Nancy,McPhearson
adventure-works\jae0,60,556,Nancy,McPhearson
adventure-works\jae0,61,322,Matthew,Miller
adventure-works\jae0,62,30019,Matthew,Miller
adventure-works\jae0,63,30025,Linda,Mitchell
adventure-works\jae0,64,304,Linda,Mitchell
adventure-works\jae0,65,592,Stefano,Stefani
adventure-works\jae0,66,30030,Stefano,Stefani
adventure-works\jae0,67,30044,Gary,Suess
adventure-works\jae0,68,484,Gary,Suess
adventure-works\jae0,69,502,Krishna,Sunkammurali
adventure-works\jae0,70,30050,Krishna,Sunkammurali
adventure-works\jae0,71,30072,Andrea,Thomsen
adventure-works\jae0,72,106,Andrea,Thomsen
adventure-works\jae0,73,635,Roger,Van Houten
adventure-works\jae0,74,30102,Roger,Van Houten
adventure-works\jae0,75,30104,Rose,Vandenouer
adventure-works\jae0,76,641,Rose,Vandenouer
adventure-works\jae0,77,340,Raja,Venugopal
adventure-works\jae0,78,30113,Raja,Venugopal
adventure-works\jillian0,1,579,Kim,Abercrombie
adventure-works\jillian0,2,29486,Kim,Abercrombie
adventure-works\jillian0,3,29492,Jay,Adams
adventure-works\jillian0,4,544,Jay,Adams
adventure-works\jillian0,5,561,Marvin,Allen
adventure-works\jillian0,6,29508,Marvin,Allen
adventure-works\jillian0,7,29523,John,Arthur
adventure-works\jillian0,8,309,John,Arthur
adventure-works\jillian0,9,363,Chris,Ashton
adventure-works\jillian0,10,29524,Chris,Ashton
adventure-works\jillian0,11,29535,Wayne,Banack
adventure-works\jillian0,12,291,Wayne,Banack
adventure-works\jillian0,13,201,Edna,Benson
adventure-works\jillian0,14,29553,Edna,Benson
adventure-works\jillian0,15,507,Mary,Bishop
adventure-works\jillian0,16,29570,Michael,Blythe
adventure-works\jillian0,17,292,Michael,Blythe
adventure-works\jillian0,18,165,Randall,Boseman
adventure-works\jillian0,19,29574,Randall,Boseman
adventure-works\jillian0,20,29583,Alan,Brewer
adventure-works\jillian0,21,148,Alan,Brewer
adventure-works\jillian0,22,220,Robert,Brown
adventure-works\jillian0,23,29591,Robert,Brown
adventure-works\jillian0,24,29593,Mary,Browning
adventure-works\jillian0,25,237,Mary,Browning
adventure-works\jillian0,26,22,Linda,Burnett
adventure-works\jillian0,27,29569,Linda,Burnett
adventure-works\jillian0,28,29616,Barbara,Calone
adventure-works\jillian0,29,436,Barbara,Calone
adventure-works\jillian0,30,29635,Rob,Caron
adventure-works\jillian0,31,695,Rob,Caron
adventure-works\jillian0,32,29637,Donna,Carreras
adventure-works\jillian0,33,3,Donna,Carreras
adventure-works\jillian0,34,166,Stacey,Cereghino
adventure-works\jillian0,35,29646,Stacey,Cereghino
adventure-works\jillian0,36,29651,Lee,Chapla
adventure-works\jillian0,37,418,Lee,Chapla
adventure-works\jillian0,38,183,Yao-Qiang,Cheng
adventure-works\jillian0,39,29654,Yao-Qiang,Cheng
adventure-works\jillian0,40,29659,Ruth,Choin
adventure-works\jillian0,41,417,Ruth,Choin
adventure-works\jillian0,42,147,Alice,Clark
adventure-works\jillian0,43,29663,Alice,Clark
adventure-works\jillian0,44,129,Connie,Coffman
adventure-works\jillian0,45,29668,Connie,Coffman
adventure-works\jillian0,46,111,Scott,Colvin
adventure-works\jillian0,47,29674,Scott,Colvin
adventure-works\jillian0,48,29702,Aidan,Delaney
adventure-works\jillian0,49,75,Aidan,Delaney
adventure-works\jillian0,50,93,Prashanth,Desai
adventure-works\jillian0,51,29708,Prashanth,Desai
adventure-works\jillian0,52,29732,Carol,Elliott
adventure-works\jillian0,53,435,Carol,Elliott
adventure-works\jillian0,54,454,Gail,Erickson
adventure-works\jillian0,55,29738,Gail,Erickson
adventure-works\jillian0,56,29743,Ann,Evans
adventure-works\jillian0,57,472,Ann,Evans
adventure-works\jillian0,58,471,John,Ford
adventure-works\jillian0,59,29764,John,Ford
adventure-works\jillian0,60,29758,Dorothy,Fox
adventure-works\jillian0,61,489,Dorothy,Fox
adventure-works\jillian0,62,453,Jon,Ganio
adventure-works\jillian0,63,29769,Jon,Ganio
adventure-works\jillian0,64,29772,Janet,Gates
adventure-works\jillian0,65,4,Janet,Gates
adventure-works\jillian0,66,40,Darren,Gehring
adventure-works\jillian0,67,29774,Darren,Gehring
adventure-works\jillian0,68,29782,Janet,Gilliat
adventure-works\jillian0,69,274,Janet,Gilliat
adventure-works\jillian0,70,345,Abigail,Gonzalez
adventure-works\jillian0,71,29792,Abigail,Gonzalez
adventure-works\jillian0,72,29819,Ann,Hass
adventure-works\jillian0,73,694,Ann,Hass
adventure-works\jillian0,74,670,Valerie,Hendricks
adventure-works\jillian0,75,29827,Valerie,Hendricks
adventure-works\jillian0,76,29850,Bob,Hodges
adventure-works\jillian0,77,597,Bob,Hodges
adventure-works\jillian0,78,606,Helge,Hoeing
adventure-works\jillian0,79,29848,Helge,Hoeing
adventure-works\jillian0,80,29854,Peter,Houston
adventure-works\jillian0,81,400,Peter,Houston
adventure-works\jillian0,82,580,Joshua,Huff
adventure-works\jillian0,83,29859,Joshua,Huff
adventure-works\jillian0,84,29861,Phyllis,Huntsman
adventure-works\jillian0,85,623,Phyllis,Huntsman
adventure-works\jillian0,86,256,Richard,Irwin
adventure-works\jillian0,87,29866,Richard,Irwin
adventure-works\jillian0,88,29872,Jodan,Jacobson
adventure-works\jillian0,89,238,Jodan,Jacobson
adventure-works\jillian0,90,219,Brian,Johnson
adventure-works\jillian0,91,29884,Brian,Johnson
adventure-works\jillian0,92,29902,Robert,Kelly
adventure-works\jillian0,93,382,Robert,Kelly
adventure-works\jillian0,94,364,Imtiaz,Khan
adventure-works\jillian0,95,29906,Imtiaz,Khan
adventure-works\jillian0,96,29920,Scott,Konersmann
adventure-works\jillian0,97,94,Scott,Konersmann
adventure-works\jillian0,98,76,James,Krow
adventure-works\jillian0,99,58,Peter,Kurniawan
adventure-works\jillian0,100,29930,Peter,Kurniawan
adventure-works\jillian0,101,29937,Marjorie,Lee
adventure-works\jillian0,102,184,Marjorie,Lee
adventure-works\jillian0,103,202,A.,Leonetti
adventure-works\jillian0,104,29943,A.,Leonetti
adventure-works\jillian0,105,29948,Elsie,Lewin
adventure-works\jillian0,106,112,Elsie,Lewin
adventure-works\jillian0,107,130,Paulo,Lisboa
adventure-works\jillian0,108,29954,Paulo,Lisboa
adventure-works\jillian0,109,29956,Jinghao,Liu
adventure-works\jillian0,110,21,Jinghao,Liu
adventure-works\jillian0,111,39,Sharon,Looney
adventure-works\jillian0,112,29962,Sharon,Looney
adventure-works\jillian0,113,29967,Judy,Lundahl
adventure-works\jillian0,114,57,Judy,Lundahl
adventure-works\jillian0,115,646,Scott,MacDonald
adventure-works\jillian0,116,29974,Scott,MacDonald
adventure-works\jillian0,117,671,Jill,Markwood
adventure-works\jillian0,118,562,Yvonne,McKay
adventure-works\jillian0,119,30003,Yvonne,McKay
adventure-works\jillian0,120,30008,R. Morgan,Mendoza
adventure-works\jillian0,121,543,R. Morgan,Mendoza
adventure-works\jillian0,122,310,Frank,Miller
adventure-works\jillian0,123,30023,Frank,Miller
adventure-works\jillian0,124,30035,Alice,Steiner
adventure-works\jillian0,125,607,Alice,Steiner
adventure-works\jillian0,126,598,Derik,Stenerson
adventure-works\jillian0,127,30032,Derik,Stenerson
adventure-works\jillian0,128,30039,Robert,Stotka
adventure-works\jillian0,129,622,Robert,Stotka
adventure-works\jillian0,130,490,Elizabeth,Sullivan
adventure-works\jillian0,131,30046,Elizabeth,Sullivan
adventure-works\jillian0,132,508,Martin,Svoboda
adventure-works\jillian0,133,381,Julie,Taft-Rider
adventure-works\jillian0,134,30055,Julie,Taft-Rider
adventure-works\jillian0,135,30061,Chad,Tedford
adventure-works\jillian0,136,399,Chad,Tedford
adventure-works\jillian0,137,273,Christie,Trujillo
adventure-works\jillian0,138,30090,Christie,Trujillo
adventure-works\jillian0,139,30095,Sunil,Uppal
adventure-works\jillian0,140,255,Sunil,Uppal
adventure-works\jillian0,141,647,Michael,Vanderhyde
adventure-works\jillian0,142,30106,Michael,Vanderhyde
adventure-works\jillian0,143,30111,Ranjit,Varkey Chudukatil
adventure-works\jillian0,144,346,Ranjit,Varkey Chudukatil
adventure-works\jillian0,145,328,Robert,Vessa
adventure-works\jillian0,146,30117,Robert,Vessa
adventure-works\jillian0,147,30118,Caroline,Vicknair
adventure-works\jillian0,148,327,Caroline,Vicknair
adventure-works\josé1,1,551,Samuel,Agcaoili
adventure-works\josé1,2,29494,Samuel,Agcaoili
adventure-works\josé1,3,29499,Amy,Alberts
adventure-works\josé1,4,497,Amy,Alberts
adventure-works\josé1,5,569,Cecil,Allison
adventure-works\josé1,6,29510,Cecil,Allison
adventure-works\josé1,7,29527,Robert,Avalos
adventure-works\josé1,8,407,Robert,Avalos
adventure-works\josé1,9,29541,Gytis,Barzdukas
adventure-works\josé1,10,137,Gytis,Barzdukas
adventure-works\josé1,11,335,John,Berger
adventure-works\josé1,12,29558,John,Berger
adventure-works\josé1,13,29567,Jackie,Blackwell
adventure-works\josé1,14,28,Jackie,Blackwell
adventure-works\josé1,15,424,Eli,Bowen
adventure-works\josé1,16,29576,Eli,Bowen
adventure-works\josé1,17,29596,Eric,Brumfield
adventure-works\josé1,18,83,Eric,Brumfield
adventure-works\josé1,19,29603,Janaina Barreiro Gambaro,Bueno
adventure-works\josé1,20,443,Janaina Barreiro Gambaro,Bueno
adventure-works\josé1,21,29608,Timothy,Burnett
adventure-works\josé1,22,263,Timothy,Burnett
adventure-works\josé1,23,29614,Ryan,Calafato
adventure-works\josé1,24,514,Ryan,Calafato
adventure-works\josé1,25,29620,Joan,Campbell
adventure-works\josé1,26,353,Joan,Campbell
adventure-works\josé1,27,281,Suzana De Abreu,Canuto
adventure-works\josé1,28,29625,Suzana De Abreu,Canuto
adventure-works\josé1,29,29629,Carlton,Carlisle
adventure-works\josé1,30,154,Carlton,Carlisle
adventure-works\josé1,31,155,Joseph,Castellucio
adventure-works\josé1,32,29639,Joseph,Castellucio
adventure-works\josé1,33,101,William,Conner
adventure-works\josé1,34,29677,William,Conner
adventure-works\josé1,35,29680,Dorothy,Contreras
adventure-works\josé1,36,389,Dorothy,Contreras
adventure-works\josé1,37,371,Bruno,Costa Da Silva
adventure-works\josé1,38,317,Jacob,Dean
adventure-works\josé1,39,29698,Jacob,Dean
adventure-works\josé1,40,29692,Thierry,D'Hers
adventure-works\josé1,41,299,Thierry,D'Hers
adventure-works\josé1,42,172,Gabriele,Dickmann
adventure-works\josé1,43,29711,Gabriele,Dickmann
adventure-works\josé1,44,29714,Rudolph,Dillon
adventure-works\josé1,45,173,Rudolph,Dillon
adventure-works\josé1,46,678,Reuben,D'sa
adventure-works\josé1,47,29722,Reuben,D'sa
adventure-works\josé1,48,29730,Linda,Ecoffey
adventure-works\josé1,49,701,Linda,Ecoffey
adventure-works\josé1,50,442,Jauna,Elson
adventure-works\josé1,51,29734,Jauna,Elson
adventure-works\josé1,52,29740,Martha,Espinoza
adventure-works\josé1,53,460,Martha,Espinoza
adventure-works\josé1,54,587,Rhoda,Finley
adventure-works\josé1,55,29750,Rhoda,Finley
adventure-works\josé1,56,29770,Kathleen,Garza
adventure-works\josé1,57,10,Kathleen,Garza
adventure-works\josé1,58,280,Frances,Giglio
adventure-works\josé1,59,29780,Frances,Giglio
adventure-works\josé1,60,526,David,Givens
adventure-works\josé1,61,532,Diane,Glimp
adventure-works\josé1,62,29785,Diane,Glimp
adventure-works\josé1,63,29794,Derek,Graham
adventure-works\josé1,64,136,Derek,Graham
adventure-works\josé1,65,65,Jane,Greer
adventure-works\josé1,66,29797,Jane,Greer
adventure-works\josé1,67,29803,Hattie,Haemon
adventure-works\josé1,68,47,Hattie,Haemon
adventure-works\josé1,69,29,Bryan,Hamilton
adventure-works\josé1,70,29807,Bryan,Hamilton
adventure-works\josé1,71,29813,Katherine,Harding
adventure-works\josé1,72,11,Katherine,Harding
adventure-works\josé1,73,654,Jésus,Hernandez
adventure-works\josé1,74,29832,Jésus,Hernandez
adventure-works\josé1,75,29840,Andrew,Hill
adventure-works\josé1,76,630,Andrew,Hill
adventure-works\josé1,77,406,Eddie,Holmes
adventure-works\josé1,78,29852,Eddie,Holmes
adventure-works\josé1,79,29855,Curtis,Howard
adventure-works\josé1,80,568,Curtis,Howard
adventure-works\josé1,81,629,Ryan,Ihrig
adventure-works\josé1,82,29863,Ryan,Ihrig
adventure-works\josé1,83,29864,Beth,Inghram
adventure-works\josé1,84,262,Beth,Inghram
adventure-works\josé1,85,244,Bronson,Jacobs
adventure-works\josé1,86,29870,Bronson,Jacobs
adventure-works\josé1,87,29879,Stephen,Jiang
adventure-works\josé1,88,425,Stephen,Jiang
adventure-works\josé1,89,226,Vance,Johns
adventure-works\josé1,90,29876,Vance,Johns
adventure-works\josé1,91,209,Robert,Jones
adventure-works\josé1,92,479,Lori,Kane
adventure-works\josé1,93,29895,Lori,Kane
adventure-works\josé1,94,29900,Victor,Kelley
adventure-works\josé1,95,388,Victor,Kelley
adventure-works\josé1,96,370,Elizabeth,Keyser
adventure-works\josé1,97,29905,Elizabeth,Keyser
adventure-works\josé1,98,29910,Shane,Kim
adventure-works\josé1,99,352,Shane,Kim
adventure-works\josé1,100,100,Kirk,King
adventure-works\josé1,101,29918,Kirk,King
adventure-works\josé1,102,29892,Sandra,Kitt
adventure-works\josé1,103,191,Sandra,Kitt
adventure-works\josé1,104,82,James,Kramer
adventure-works\josé1,105,64,Vamsi,Kuppa
adventure-works\josé1,106,29928,Vamsi,Kuppa
adventure-works\josé1,107,29934,David,Lawrence
adventure-works\josé1,108,46,David,Lawrence
adventure-works\josé1,109,190,Mark,Lee
adventure-works\josé1,110,29939,Mark,Lee
adventure-works\josé1,111,29950,Yale,Li
adventure-works\josé1,112,118,Yale,Li
adventure-works\josé1,113,677,Cecelia,Marshall
adventure-works\josé1,114,29983,Cecelia,Marshall
adventure-works\josé1,115,29988,Steve,Masters
adventure-works\josé1,116,208,Steve,Masters
adventure-works\josé1,117,245,James,McCoy
adventure-works\josé1,118,30000,James,McCoy
adventure-works\josé1,119,29994,Robin,McGuigan
adventure-works\josé1,120,227,Robin,McGuigan
adventure-works\josé1,121,550,Raquel,Mello
adventure-works\josé1,122,30007,Raquel,Mello
adventure-works\josé1,123,30021,Ben,Miller
adventure-works\josé1,124,316,Ben,Miller
adventure-works\josé1,125,298,Robert,Mitosinka
adventure-works\josé1,126,586,Shanay,Steelman
adventure-works\josé1,127,30029,Shanay,Steelman
adventure-works\josé1,128,30042,Ruby Sue,Styles
adventure-works\josé1,129,478,Ruby Sue,Styles
adventure-works\josé1,130,496,Marcia,Sultan
adventure-works\josé1,131,30048,Marcia,Sultan
adventure-works\josé1,132,30067,Phyllis,Thomas
adventure-works\josé1,133,119,Phyllis,Thomas
adventure-works\josé1,134,533,Yuping,Tian
adventure-works\josé1,135,30074,Yuping,Tian
adventure-works\josé1,136,515,Dragan,Tomic
adventure-works\josé1,137,461,Glenn,Track
adventure-works\josé1,138,30083,Glenn,Track
adventure-works\josé1,139,30108,Kara,Vanderlinden
adventure-works\josé1,140,653,Kara,Vanderlinden
adventure-works\josé1,141,334,Dora,Verdad
adventure-works\josé1,142,30115,Dora,Verdad
adventure-works\linda3,1,29485,Catherine,Abel
adventure-works\linda3,2,582,Catherine,Abel
adventure-works\linda3,3,564,Michelle,Alexander
adventure-works\linda3,4,29505,Michelle,Alexander
adventure-works\linda3,5,29511,Oscar,Alpuerto
adventure-works\linda3,6,348,Oscar,Alpuerto
adventure-works\linda3,7,312,Thomas,Armstrong
adventure-works\linda3,8,29522,Thomas,Armstrong
adventure-works\linda3,9,29525,Teresa,Atkinson
adventure-works\linda3,10,366,Teresa,Atkinson
adventure-works\linda3,11,294,Alberto,Baltazar
adventure-works\linda3,12,204,Ido,Ben-Sachar
adventure-works\linda3,13,402,Marian,Berch
adventure-works\linda3,14,29565,Jimmy,Bischoff
adventure-works\linda3,15,510,Jimmy,Bischoff
adventure-works\linda3,16,29573,Luis,Bonifaz
adventure-works\linda3,17,168,Luis,Bonifaz
adventure-works\linda3,18,29531,Cory,Booth
adventure-works\linda3,19,438,Cory,Booth
adventure-works\linda3,20,29638,Rosmarie,Carroll
adventure-works\linda3,21,6,Rosmarie,Carroll
adventure-works\linda3,22,420,Anthony,Chor
adventure-works\linda3,23,29660,Anthony,Chor
adventure-works\linda3,24,29653,Pei,Chow
adventure-works\linda3,25,186,Pei,Chow
adventure-works\linda3,26,150,Jill,Christie
adventure-works\linda3,27,29662,Jill,Christie
adventure-works\linda3,28,132,Teanna,Cobb
adventure-works\linda3,29,114,John,Colon
adventure-works\linda3,30,29673,John,Colon
adventure-works\linda3,31,29703,Stefan,Delmarco
adventure-works\linda3,32,78,Stefan,Delmarco
adventure-works\linda3,33,492,Garth,Fort
adventure-works\linda3,34,29757,Garth,Fort
adventure-works\linda3,35,29763,Mihail,Frintu
adventure-works\linda3,36,474,Mihail,Frintu
adventure-works\linda3,37,456,Michael,Galos
adventure-works\linda3,38,29768,Michael,Galos
adventure-works\linda3,39,29788,Mete,Goktepe
adventure-works\linda3,40,330,Mete,Goktepe
adventure-works\linda3,41,673,John,Hanson
adventure-works\linda3,42,29826,John,Hanson
adventure-works\linda3,43,29818,Roger,Harui
adventure-works\linda3,44,697,Roger,Harui
adventure-works\linda3,45,609,David,Hodgson
adventure-works\linda3,46,29847,David,Hodgson
adventure-works\linda3,47,600,Holly,Holt
adventure-works\linda3,48,222,Barry,Johnson
adventure-works\linda3,49,29883,Barry,Johnson
adventure-works\linda3,50,29913,Anton,Kirilov
adventure-works\linda3,51,546,Anton,Kirilov
adventure-works\linda3,52,96,Bonnie,Lepro
adventure-works\linda3,53,29944,Bonnie,Lepro
adventure-works\linda3,54,29957,Kevin,Liu
adventure-works\linda3,55,24,Kevin,Liu
adventure-works\linda3,56,42,Jeremy,Los
adventure-works\linda3,57,60,Sean,Lunt
adventure-works\linda3,58,649,Walter,Mays
adventure-works\linda3,59,29975,Walter,Mays
adventure-works\linda3,60,30012,Helen,Meyer
adventure-works\linda3,61,528,Helen,Meyer
adventure-works\linda3,62,625,Kayla,Stotler
adventure-works\linda3,63,30040,Kayla,Stotler
adventure-works\linda3,64,30056,Clarence,Tatman
adventure-works\linda3,65,384,Clarence,Tatman
adventure-works\linda3,66,276,Michael John,Troyer
adventure-works\linda3,67,30089,Michael John,Troyer
adventure-works\linda3,68,30094,Sairaj,Uddin
adventure-works\linda3,69,258,Sairaj,Uddin
adventure-works\linda3,70,240,Jessie,Valerio
adventure-works\linda3,71,30100,Jessie,Valerio
adventure-works\michael9,1,360,Ramona,Antrim
adventure-works\michael9,2,29517,Ramona,Antrim
adventure-works\michael9,3,29528,Stephen,Ayers
adventure-works\michael9,4,306,Stephen,Ayers
adventure-works\michael9,5,29533,Douglas,Baldwin
adventure-works\michael9,6,431,Douglas,Baldwin
adventure-works\michael9,7,29536,Robert,Barker
adventure-works\michael9,8,288,Robert,Barker
adventure-works\michael9,9,198,Payton,Benson
adventure-works\michael9,10,29554,Payton,Benson
adventure-works\michael9,11,29566,Mae,Black
adventure-works\michael9,12,504,Mae,Black
adventure-works\michael9,13,29590,Jo,Brown
adventure-works\michael9,14,323,Jo,Brown
adventure-works\michael9,15,395,June,Brunner
adventure-works\michael9,16,29600,June,Brunner
adventure-works\michael9,17,29655,Nicky,Chesnut
adventure-works\michael9,18,180,Nicky,Chesnut
adventure-works\michael9,19,377,Marlin,Coriell
adventure-works\michael9,20,29684,Marlin,Coriell
adventure-works\michael9,21,29688,Grant,Culbertson
adventure-works\michael9,22,287,Grant,Culbertson
adventure-works\michael9,23,468,Paul,Fulton
adventure-works\michael9,24,29765,Paul,Fulton
adventure-works\michael9,25,29891,Diane,Krane
adventure-works\michael9,26,197,Diane,Krane
adventure-works\michael9,27,18,David,Liu
adventure-works\michael9,28,29955,David,Liu
adventure-works\michael9,29,29973,Denise,Maccietto
adventure-works\michael9,30,643,Denise,Maccietto
adventure-works\michael9,31,660,Nieves,Vargas
adventure-works\michael9,32,30109,Nieves,Vargas
adventure-works\pamela0,1,29873,Mary,Alexander
adventure-works\pamela0,2,235,Mary,Alexander
adventure-works\pamela0,3,19,John,Beaver
adventure-works\pamela0,4,29545,John,Beaver
adventure-works\pamela0,5,29571,Gabriel,Bockenkamp
adventure-works\pamela0,6,289,Gabriel,Bockenkamp
adventure-works\pamela0,7,145,Ted,Bremer
adventure-works\pamela0,8,29582,Ted,Bremer
adventure-works\pamela0,9,29588,Willie,Brooks
adventure-works\pamela0,10,541,Willie,Brooks
adventure-works\pamela0,11,29611,Jared,Bustamante
adventure-works\pamela0,12,271,Jared,Bustamante
adventure-works\pamela0,13,29617,Lindsey,Camacho
adventure-works\pamela0,14,433,Lindsey,Camacho
adventure-works\pamela0,15,29645,Andrew,Cencini
adventure-works\pamela0,16,163,Andrew,Cencini
adventure-works\pamela0,17,415,Greg,Chapman
adventure-works\pamela0,18,692,Bev,Desalvo
adventure-works\pamela0,19,29709,Bev,Desalvo
adventure-works\pamela0,20,29737,John,Emory
adventure-works\pamela0,21,451,John,Emory
adventure-works\pamela0,22,469,Twanna,Evans
adventure-works\pamela0,23,29742,Twanna,Evans
adventure-works\pamela0,24,29773,Orlando,Gee
adventure-works\pamela0,25,1,Orlando,Gee
adventure-works\pamela0,26,37,Jim,Geist
adventure-works\pamela0,27,29775,Jim,Geist
adventure-works\pamela0,28,29858,George,Huckaby
adventure-works\pamela0,29,577,George,Huckaby
adventure-works\pamela0,30,620,Matthew,Hunter
adventure-works\pamela0,31,253,Erik,Ismert
adventure-works\pamela0,32,29867,Erik,Ismert
adventure-works\pamela0,33,29898,Sandeep,Katyal
adventure-works\pamela0,34,397,Sandeep,Katyal
adventure-works\pamela0,35,379,Kevin,Kennedy
adventure-works\pamela0,36,29903,Kevin,Kennedy
adventure-works\pamela0,37,29907,Karan,Khanna
adventure-works\pamela0,38,361,Karan,Khanna
adventure-works\pamela0,39,91,Joy,Koski
adventure-works\pamela0,40,29921,Joy,Koski
adventure-works\pamela0,41,29925,Margaret,Krupka
adventure-works\pamela0,42,73,Margaret,Krupka
adventure-works\pamela0,43,55,Eric,Lang
adventure-works\pamela0,44,29931,Eric,Lang
adventure-works\pamela0,45,29936,Michael,Lee
adventure-works\pamela0,46,181,Michael,Lee
adventure-works\pamela0,47,199,Roger,Lengel
adventure-works\pamela0,48,29942,Roger,Lengel
adventure-works\pamela0,49,29953,Joseph,Lique
adventure-works\pamela0,50,127,Joseph,Lique
adventure-works\pamela0,51,668,Kathy,Marcovecchio
adventure-works\pamela0,52,29981,Kathy,Marcovecchio
adventure-works\pamela0,53,29991,Chris,Maxwell
adventure-works\pamela0,54,217,Chris,Maxwell
adventure-works\pamela0,55,559,Nkenge,McLin
adventure-works\pamela0,56,30004,Nkenge,McLin
adventure-works\pamela0,57,30018,Virginia,Miller
adventure-works\pamela0,58,325,Virginia,Miller
adventure-works\pamela0,59,307,Neva,Mitchell
adventure-works\pamela0,60,30024,Neva,Mitchell
adventure-works\pamela0,61,30031,Alan,Steiner
adventure-works\pamela0,62,595,Alan,Steiner
adventure-works\pamela0,63,604,Wathalee,Steuber
adventure-works\pamela0,64,30034,Wathalee,Steuber
adventure-works\pamela0,65,30045,Ruth,Suffin
adventure-works\pamela0,66,487,Ruth,Suffin
adventure-works\pamela0,67,505,Brad,Sutton
adventure-works\pamela0,68,30051,Brad,Sutton
adventure-works\pamela0,69,30071,Daniel,Thompson
adventure-works\pamela0,70,109,Daniel,Thompson
adventure-works\pamela0,71,644,Gregory,Vanderbout
adventure-works\pamela0,72,30105,Gregory,Vanderbout
adventure-works\pamela0,73,30112,Patricia,Vasquez
adventure-works\pamela0,74,343,Patricia,Vasquez
adventure-works\shu0,1,491,Frances,Adams
adventure-works\shu0,2,29489,Frances,Adams
adventure-works\shu0,3,29496,Robert,Ahlering
adventure-works\shu0,4,509,Robert,Ahlering
adventure-works\shu0,5,419,Darrell,Banks
adventure-works\shu0,6,565,Richard,Bentley
adventure-works\shu0,7,329,Andreas,Berglund
adventure-works\shu0,8,257,Matthias,Berndt
adventure-works\shu0,9,29560,Matthias,Berndt
adventure-works\shu0,10,29568,Donald,Blanton
adventure-works\shu0,11,25,Donald,Blanton
adventure-works\shu0,12,149,Cornelius,Brandon
adventure-works\shu0,13,29579,Cornelius,Brandon
adventure-works\shu0,14,29584,Walter,Brian
adventure-works\shu0,15,151,Walter,Brian
adventure-works\shu0,16,29562,Steven,Brown
adventure-works\shu0,17,608,Steven,Brown
adventure-works\shu0,18,29598,Michael,Brundage
adventure-works\shu0,19,77,Michael,Brundage
adventure-works\shu0,20,29605,Megan,Burke
adventure-works\shu0,21,437,Megan,Burke
adventure-works\shu0,22,347,Ingrid,Burkhardt
adventure-works\shu0,23,187,Frank,Campbell
adventure-works\shu0,24,29938,Frank,Campbell
adventure-works\shu0,25,275,Chris,Cannon
adventure-works\shu0,26,29623,Chris,Cannon
adventure-works\shu0,27,29631,Jane,Carmichael
adventure-works\shu0,28,95,Jane,Carmichael
adventure-works\shu0,29,29636,Andy,Carothers
adventure-works\shu0,30,698,Andy,Carothers
adventure-works\shu0,31,29641,Raul,Casts
adventure-works\shu0,32,599,Raul,Casts
adventure-works\shu0,33,29650,Forrest,Chandler
adventure-works\shu0,34,421,Forrest,Chandler
adventure-works\shu0,35,383,Scott,Cooper
adventure-works\shu0,36,29682,Scott,Cooper
adventure-works\shu0,37,29686,Jack,Creasey
adventure-works\shu0,38,365,Jack,Creasey
adventure-works\shu0,39,293,Conor,Cunningham
adventure-works\shu0,40,29690,Conor,Cunningham
adventure-works\shu0,41,29696,Alvaro,De Matos Miranda Filho
adventure-works\shu0,42,311,Alvaro,De Matos Miranda Filho
adventure-works\shu0,43,169,Brenda,Diaz
adventure-works\shu0,44,29710,Brenda,Diaz
adventure-works\shu0,45,29716,Blaine,Dockter
adventure-works\shu0,46,167,Blaine,Dockter
adventure-works\shu0,47,672,Gerald,Drury
adventure-works\shu0,48,29720,Gerald,Drury
adventure-works\shu0,49,29728,Maciej,Dusza
adventure-works\shu0,50,696,Maciej,Dusza
adventure-works\shu0,51,439,Shannon,Elliott
adventure-works\shu0,52,29733,Shannon,Elliott
adventure-works\shu0,53,29739,Mark,Erickson
adventure-works\shu0,54,457,Mark,Erickson
adventure-works\shu0,55,475,John,Evans
adventure-works\shu0,56,29744,John,Evans
adventure-works\shu0,57,29748,Geri,Farrell
adventure-works\shu0,58,581,Geri,Farrell
adventure-works\shu0,59,7,Dominic,Gash
adventure-works\shu0,60,29771,Dominic,Gash
adventure-works\shu0,61,29781,Guy,Gilbert
adventure-works\shu0,62,277,Guy,Gilbert
adventure-works\shu0,63,523,Mary,Gimmi
adventure-works\shu0,64,29783,Mary,Gimmi
adventure-works\shu0,65,29784,Jeanie,Glenn
adventure-works\shu0,66,529,Jeanie,Glenn
adventure-works\shu0,67,133,Michael,Graff
adventure-works\shu0,68,29793,Michael,Graff
adventure-works\shu0,69,29799,Douglas,Groncki
adventure-works\shu0,70,59,Douglas,Groncki
adventure-works\shu0,71,41,Erin,Hagens
adventure-works\shu0,72,29805,Erin,Hagens
adventure-works\shu0,73,29809,Kerim,Hanif
adventure-works\shu0,74,23,Kerim,Hanif
adventure-works\shu0,75,5,Lucy,Harrington
adventure-works\shu0,76,29815,Lucy,Harrington
adventure-works\shu0,77,29834,Cheryl,Herring
adventure-works\shu0,78,648,Cheryl,Herring
adventure-works\shu0,79,624,Mike,Hines
adventure-works\shu0,80,29842,Mike,Hines
adventure-works\shu0,81,29853,Juanita,Holman
adventure-works\shu0,82,403,Juanita,Holman
adventure-works\shu0,83,626,Lawrence,Hurkett
adventure-works\shu0,84,29862,Lawrence,Hurkett
adventure-works\shu0,85,29865,Lucio,Iallo
adventure-works\shu0,86,259,Lucio,Iallo
adventure-works\shu0,87,241,Eric,Jacobsen
adventure-works\shu0,88,29871,Eric,Jacobsen
adventure-works\shu0,89,563,Sean,Jacobson
adventure-works\shu0,90,29506,Sean,Jacobson
adventure-works\shu0,91,223,Joyce,Jarvis
adventure-works\shu0,92,29877,Joyce,Jarvis
adventure-works\shu0,93,401,Tom,Johnston
adventure-works\shu0,94,29521,Tom,Johnston
adventure-works\shu0,95,203,Jean,Jordan
adventure-works\shu0,96,29889,Jean,Jordan
adventure-works\shu0,97,29893,Sandeep,Kaliyath
adventure-works\shu0,98,185,Sandeep,Kaliyath
adventure-works\shu0,99,385,John,Kelly
adventure-works\shu0,100,29901,John,Kelly
adventure-works\shu0,101,29924,Mitch,Kennedy
adventure-works\shu0,102,79,Mitch,Kennedy
adventure-works\shu0,103,367,Tammy,Khan
adventure-works\shu0,104,545,Christian,Kleinerman
adventure-works\shu0,105,29914,Christian,Kleinerman
adventure-works\shu0,106,29919,Eugene,Kogan
adventure-works\shu0,107,97,Eugene,Kogan
adventure-works\shu0,108,473,Kay,Krane
adventure-works\shu0,109,29897,Kay,Krane
adventure-works\shu0,110,29929,Jeffrey,Kurtz
adventure-works\shu0,111,61,Jeffrey,Kurtz
adventure-works\shu0,112,43,Elsa,Leavitt
adventure-works\shu0,113,29935,Elsa,Leavitt
adventure-works\shu0,114,29949,George,Li
adventure-works\shu0,115,115,George,Li
adventure-works\shu0,116,674,Melissa,Marple
adventure-works\shu0,117,29982,Melissa,Marple
adventure-works\shu0,118,29987,Frank,Mart¡nez
adventure-works\shu0,119,205,Frank,Mart¡nez
adventure-works\shu0,120,221,Sandra,Maynard
adventure-works\shu0,121,29992,Sandra,Maynard
adventure-works\shu0,122,29998,Jane,McCarty
adventure-works\shu0,123,239,Jane,McCarty
adventure-works\shu0,124,547,Gladys,Mendiola
adventure-works\shu0,125,313,Dylan,Miller
adventure-works\shu0,126,30022,Dylan,Miller
adventure-works\shu0,127,30027,Joseph,Mitzner
adventure-works\shu0,128,295,Joseph,Mitzner
adventure-works\shu0,129,583,Laura,Steele
adventure-works\shu0,130,30028,Laura,Steele
adventure-works\shu0,131,30033,Vassar,Stern
adventure-works\shu0,132,601,Vassar,Stern
adventure-works\shu0,133,610,Liza Marie,Stevens
adventure-works\shu0,134,30036,Liza Marie,Stevens
adventure-works\shu0,135,30047,Michael,Sullivan
adventure-works\shu0,136,493,Michael,Sullivan
adventure-works\shu0,137,511,Abraham,Swearengin
adventure-works\shu0,138,30052,Abraham,Swearengin
adventure-works\shu0,139,30063,Vanessa,Tench
adventure-works\shu0,140,131,Vanessa,Tench
adventure-works\shu0,141,113,Donald,Thompson
adventure-works\shu0,142,30069,Donald,Thompson
adventure-works\shu0,143,30076,Diane,Tibbott
adventure-works\shu0,144,527,Diane,Tibbott
adventure-works\shu0,145,455,James,Tran
adventure-works\shu0,146,650,Margaret,Vanderkamp
adventure-works\shu0,147,30107,Margaret,Vanderkamp
adventure-works\shu0,148,30110,Gary,Vargas
adventure-works\shu0,149,349,Gary,Vargas
adventure-works\shu0,150,331,Wanda,Vernon
adventure-works\shu0,151,30116,Wanda,Vernon
